Country,Happiness,GDP_log,Regime
Afghanistan,3.632,6.3990141478177645,Authoritarian
Albania,4.586,8.579093047,Flawed
Algeria,5.295,8.448748169832118,Authoritarian
Angola,3.795,8.322282077673831,Authoritarian
Argentina,6.388,9.549927395,Flawed
Armenia,4.321,8.299559433275626,Hybrid
Australia,7.272,10.996340169427333,Full
Austria,7.139,10.892361757963444,Full
Azerbaijan,5.201,8.428531581,Authoritarian
Bahrain,6.105,10.148270474672454,Authoritarian
Bangladesh,4.5,7.457905264375874,Hybrid
Belarus,5.483,8.748398082642314,Authoritarian
Belgium,6.927,10.805110577615071,Flawed
Benin,4.141,6.873539540023765,Hybrid
Bhutan,5.082,8.044897978497142,Hybrid
Bolivia,5.752,8.194725038277271,Hybrid
Bosnia and Herzegovina,5.129,8.666563779070497,Hybrid
Botswana,3.59,9.041105529369796,Flawed
Brazil,6.419,9.232495915267712,Flawed
Bulgaria,4.933,9.129846112368416,Flawed
Burkina Faso,4.424,6.620906192834248,Authoritarian
Burundi,2.905,5.828633804295605,Authoritarian
Cambodia,4.433,7.312430742069385,Authoritarian
Cameroon,4.975,7.358975473878068,Authoritarian
Canada,7.328,10.788624588401555,Full
Central African Republic,3.083,6.054354835656196,Authoritarian
Chad,4.301,6.823942055171656,Authoritarian
Chile,6.476,9.621609338,Flawed
China,5.246,9.219084728409683,Authoritarian
Colombia,6.26,8.792000792,Flawed
Costa Rica,7.072,9.408265146299808,Full
Croatia,5.321,9.601595460960691,Flawed
Cyprus,5.762,10.264037683230269,Flawed
Czech Republic,6.711,10.075318061899385,Flawed
Democratic Rep of the Congo,4.245,6.169154561515689,Authoritarian
Denmark,7.555,11.063973940921477,Full
Dominican Republic,5.302,8.965743586864086,Flawed
Ecuador,5.973,8.742445238290552,Hybrid
Egypt,4.419,7.824445930877619,Authoritarian
El Salvador,6.167,8.432991029,Hybrid
Estonia,5.739,10.069444816680756,Flawed
Ethiopia,4.35,6.8134281158585575,Authoritarian
Finland,7.632,10.86708742860132,Full
France,6.489,10.71294795577305,Flawed
Gabon,4.758,9.108271322384766,Authoritarian
Georgia,4.34,8.382558790701887,Hybrid
Germany,6.965,10.83647149423934,Full
Ghana,4.657,7.484308529,Flawed
Greece,5.358,9.959120158478571,Flawed
Guatemala,6.382,8.470255869673643,Hybrid
Guinea,3.964,6.704965673548319,Authoritarian
Haiti,3.582,6.741808126897533,Authoritarian
Honduras,5.504,7.955498744565514,Hybrid
Hong Kong,5.43,10.796084121702894,Hybrid
Hungary,5.62,9.724516257,Flawed
Iceland,7.495,11.346580496097747,Full
India,4.19,7.666105759665131,Flawed
Indonesia,5.093,8.306879484540127,Flawed
Iran,4.707,8.534229053568753,Authoritarian
Iraq,4.456,8.630784163751562,Authoritarian
Ireland,6.977,11.297764604529128,Full
Israel,7.19,10.64816706266244,Flawed
Italy,6,10.488877625682829,Flawed
Ivory Coast,4.671,7.538975990690406,Hybrid
Jamaica,5.89,8.581956999674759,Flawed
Japan,5.915,10.61764276105586,Full
Jordan,5.161,8.672058416,Authoritarian
Kazakhstan,5.79,9.180790029698851,Authoritarian
Kenya,4.41,7.516275510271162,Hybrid
Kuwait,6.083,10.304937309902623,Authoritarian
Kyrgyzstan,5.131,7.079785730199146,Authoritarian
Laos,4.623,7.903189483570005,Authoritarian
Latvia,5.933,9.824021799225743,Flawed
Lebanon,5.199,9.373747082279934,Authoritarian
Lesotho,3.808,7.312617538747082,Flawed
Liberia,3.495,6.582389338492078,Hybrid
Libya,5.566,8.809847432126562,Authoritarian
Lithuania,5.952,9.879912891055476,Flawed
Luxembourg,6.91,11.695751544471197,Full
Macedonia,5.185,8.747528420511637,Flawed
Madagascar,3.774,6.171798713682952,Hybrid
Malawi,3.587,5.834989083730992,Hybrid
Malaysia,6.322,9.327004648721797,Flawed
Mali,4.447,6.821629691383406,Authoritarian
Malta,6.627,10.36871699094745,Flawed
Mauritania,4.356,7.221828520659871,Hybrid
Mauritius,5.891,9.253119553954924,Full
Mexico,6.488,9.182253914,Hybrid
Moldova,5.64,7.861894629271815,Flawed
Mongolia,5.125,8.301357621636885,Flawed
Montenegro,5.347,9.093598894,Flawed
Morocco,5.254,8.141910477483512,Hybrid
Mozambique,4.417,6.157072201579792,Authoritarian
Myanmar,4.308,7.199295898,Authoritarian
Namibia,4.441,8.635349846157206,Flawed
Nepal,4.88,6.823270888289704,Hybrid
Netherlands,7.441,10.918455335391991,Full
New Zealand,7.324,10.706365973206731,Full
Nicaragua,6.141,7.744890243068595,Authoritarian
Niger,4.166,6.235043858580788,Authoritarian
Nigeria,5.155,7.653309883,Hybrid
Northern Cyprus,5.835,9.623045872,Flawed
Norway,7.594,11.32310443731066,Full
Pakistan,5.472,7.395721608602045,Hybrid
Palestinian Territories,4.743,7.972466015974565,Authoritarian
Panama,6.43,9.682896616,Flawed
Paraguay,5.681,8.429089144953414,Hybrid
Peru,5.663,8.881647398273504,Flawed
Philippines,5.524,8.037580987,Flawed
Poland,6.123,9.691503316,Flawed
Portugal,5.41,10.09561677324113,Flawed
Qatar,6.374,11.100467372844776,Authoritarian
Republic of the Congo,4.559,7.762032725292514,Authoritarian
Romania,5.945,9.439500905,Flawed
Russia,5.81,9.388206434446888,Authoritarian
Rwanda,3.408,6.7088798599353705,Authoritarian
Saudi Arabia,6.371,10.027898044672495,Authoritarian
Senegal,4.631,7.097150094529926,Hybrid
Serbia,5.398,8.838554255779112,Flawed
Sierra Leone,4.571,6.224758409278026,Hybrid
Singapore,6.343,11.03112157368329,Flawed
Slovakia,6.173,9.928573502,Flawed
Slovenia,5.948,10.223244506817611,Flawed
South Africa,4.724,8.773256260368509,Flawed
South Korea,5.875,10.397407181911218,Full
Spain,6.31,10.39081823,Flawed
Sri Lanka,4.471,8.368482024,Flawed
Sudan,4.139,6.900380149449903,Authoritarian
Sweden,7.314,10.974136776928702,Full
Switzerland,7.487,11.371766519240127,Full
Syria,3.462,7.938088726896952,Authoritarian
Taiwan ,6.441,10.164975972024898,Full
Tajikistan,5.352,6.744009715123004,Authoritarian
Tanzania,3.303,7.012160338336927,Hybrid
Thailand,6.072,8.852554668515292,Flawed
Togo,3.999,6.549195703096887,Authoritarian
Trinidad & Tobago,6.192,9.685545201498336,Flawed
Tunisia,4.592,8.149839143,Hybrid
Turkey,5.483,9.315984067534796,Hybrid
Turkmenistan,5.636,8.901192209440845,Authoritarian
Uganda,4.161,6.567147703621929,Hybrid
Ukraine,4.103,7.944707034462855,Hybrid
United Arab Emirates,6.774,10.583639281816229,Authoritarian
United Kingdom,6.814,10.695970820774336,Full
United States,6.886,11.037339451169403,Flawed
Uruguay,6.379,9.802277246166664,Full
Uzbekistan,6.096,7.121426105371308,Authoritarian
Venezuela,4.806,8.060986110599003,Authoritarian
Vietnam,5.103,7.842243036137652,Authoritarian
Yemen,3.355,6.107278979669521,Authoritarian
Zambia,4.377,7.296910094488126,Hybrid
Zimbabwe,3.692,7.147342095759639,Authoritarian
